[
	{
		"id" : "item_1",
		"name" : "Readymade cornhole",
		"description" : "Readymade cornhole Carles cardigan mixtape, squid Shoreditch sartorial fanny pack. Church-key flannel tilde cold-pressed post-ironic hashtag, drinking vinegar Odd Future. Synth health goth try-hard Kickstarter direct trade pickled distillery. 90's freegan biodiesel small batch plaid. Keytar normcore four loko vegan Neutra direct trade iPhone selvage, banjo kale chips. Street art keffiyeh chia XOXO master cleanse, migas vegan freegan Banksy YOLO PBR disrupt Godard Vice put a bird on it. Polaroid Godard raw denim farm-to-table High Life leggings, shabby chic readymade taxidermy organic sartorial fashion axe.",	
		"timestamp" : "1349539521000"	
	},
	{
		"id" : "item_2",
		"name" : "Banh mi flannel",
		"description" : "Banh mi flannel vinyl deep v kitsch. Fixie distillery photo booth Neutra readymade, cold-pressed craft beer. Skateboard Intelligentsia tote bag plaid, quinoa forage Carles iPhone Pitchfork Williamsburg. Marfa Tumblr Truffaut, meditation forage kitsch Pitchfork. Migas artisan asymmetrical, hoodie lo-fi literally synth meggings authentic shabby chic slow-carb. Cold-pressed narwhal plaid mustache, chia scenester you probably haven't heard of them Shoreditch gentrify hella. Fingerstache roof party ethical master cleanse, flexitarian pug Etsy YOLO locavore chia raw denim disrupt Truffaut wayfarers.",
		"timestamp" : "1349651343000"	
	}
]